﻿<krpano>
	<!-- 启动图片 -->
	<layer name="intro_jpg"
		   url.normal="%SWFPATH%/dist/img/loading.png"
		   url.mobile="%SWFPATH%/dist/img/loading.png"
		   preload="true"
		   handcursor="false"
		   enabled="true"
		   children="true"
		   visible=""
		   zorder="9"
		   maskchildren="true"
		   keep="true"
		   width="100%"
		   height="100%"
	>

		<layer name="skin_title_logo3"
			   zorder="10"
			   keep="true"
			   enabled="true"
			   visible="true"
			   y="4%"
			   alpha="1"
			   align="center"
			   url="%SWFPATH%/dist/img/stage-logo.png"
			   crop=""
			   scale.normal="1"
			   scale.mobile="1"
			   width="145px"
			   height="20px"
		/>

		<layer name="nineteen_text_bar"
               type="container"
               zorder="10"
               keep="true"
               enabled="true"
               visible="true"
               align="center"
               y="18%"
               alpha="1"
               width="122px"
               height="50px"
        >
            <layer name="nineteen_logo"
                   url="%SWFPATH%/dist/img/nineteen-logo.png"
                   crop="0|0|96|96"
                   zorder="10"
                   keep="true"
                   enabled="true"
                   visible="true"
                   alpha="1"
                   scale="0.2"
                   align="left"
                   preload="true"
                    />
            <layer name="nineteen_text"
                   url="%SWFPATH%/plugins/textfield.swf"
                   zorder="10"
                   keep="true"
                   enabled="true"
                   visible="true"
                   html="十九区 · 技术支持"
                   alpha="1"
                   align="right"
                   background="false"
                   css="color:#FFFFFF; font-family:Arial; font-weight:normal; font-size:12px; font-style:normal;"
                    />
		</layer>

	</layer>

	<events name="startlogoevents" keep="true"
			onxmlcomplete="loadingpercent_startloading();loadingbar_startloading();"
			onloadcomplete="
			set(layer[skin_title_logo3].enabled,true);
			set(layer[skin_title_logo3].visible,true);
			tween(layer[intro_jpg].alpha,0);
			delayedcall(0.25,set(layer[intro_jpg].enabled,false));
			delayedcall(0.25, loadingpercent_stoploading());
			delayedcall(0.25, loadingbar_stoploading());"
	/>

	<!-- 加载文字 -->
	<!--<events name="loadingpercent" keep="true"-->
			<!--onxmlcomplete="loadingpercent_startloading();"-->
			<!--onloadcomplete="delayedcall(0.25, loadingpercent_stoploading() );"-->
	<!--/>-->
	<layer name="loadingpercent_text" keep="true"
		   url="%SWFPATH%/plugins/textfield.swf"
		   align="center"
		   y="13%"
		   zorder="999"
		   background="false"
		   css="color:#FFFFFF; font-family:Arial; font-weight:normal; font-size:12px; font-style:normal;"
		   html=""
	/>

	<action name="loadingpercent_startloading">
		set(loadingpercent_isloading, true);
		set(layer[loadingpercent_text].visible, true);
		asyncloop(loadingpercent_isloading,
		mul(pv, progress.progress, 100);
		roundval(pv,0);
		txtadd(layer[loadingpercent_text].html, '加载中 ', get(pv), '%');
		);
	</action>

	<action name="loadingpercent_stoploading">
		set(loadingpercent_isloading, false);
		set(layer[loadingpercent_text].visible, false);
	</action>

	<!-- 加载进度条 -->
	<!--<events name="loadingbar" keep="true"-->
	        <!--onxmlcomplete="loadingbar_startloading();"-->
	        <!--onloadcomplete="delayedcall(0.25, loadingbar_stoploading() );"-->
	        <!--/>-->

	<layer name="loadingbar_bg" keep="true" type="container" bgcolor="0x000000" bgalpha="0.5" zorder="999" align="bottom" y="40%" width="50%" height="4" enabled="false" visible="false">
		<layer name="loadingbar_space" type="container" align="left" x="1" width="-2" height="2">
			<layer name="loadingbar_fill" type="container" bgcolor="0xFFFFFF" bgalpha="1.0" align="lefttop" width="0" height="100%" />
		</layer>
	</layer>

	<action name="loadingbar_startloading">
		set(loadingbar_isloading, true);
		set(layer[loadingbar_bg].visible, true);
		asyncloop(loadingbar_isloading,
			mul(pv, progress.progress, 100);
			txtadd(pv, '%');
			copy(layer[loadingbar_fill].width, pv);
		  );
	</action>

	<action name="loadingbar_stoploading">
		set(loadingbar_isloading, false);
		set(layer[loadingbar_bg].visible, false);
	</action>
</krpano>