﻿<krpano version="1.19" title="敬澜山">
    <!--引用不同皮肤-->
    <include url="skin/vtourskin.xml"/>
    <include url="loadingbar.xml?q=111"/>


    <!-- 开始加载第一个场景 -->
    <action name="startup" autorun="onstart">
        if(startscene === null OR !scene[get(startscene)], copy(startscene,scene[0].name); );
        loadscene(get(startscene), null, MERGE);
        if(startactions !== null, startactions() );
    </action>

    <!--鸟瞰-->
    <scene name="scene_bird_eye" title="鸟瞰图" onstart="hide_back_btn()" showthumb="false" havevrimage="true" thumburl="panos/see.tiles/thumb.jpg" lat="" lng="" heading="">
        <view hlookat="20.0" vlookat="60.0" fovtype="MFOV" fov="120" maxpixelzoom="2.0" fovmin="70" fovmax="140" limitview="auto" />
        <preview url="panos/see.tiles/preview.jpg" />
        <image>
            <cube url="panos/see.tiles/pano_%s.jpg" />
        </image>
        <hotspot name="all_spot1" style="skin_hotspotstyle_logo" ath="20.0" atv="60.0" text="敬澜山小区"/>
        <hotspot name="all_spot2" style="skin_hotspotstyle_text" ath="60.0" atv="-8.0" text="三甲医院" />
        <hotspot name="all_spot3" style="skin_hotspotstyle_text" ath="-15.0" atv="0.0" text="协信星光商业中心" />
    </scene>

    <!--户外-->
    <scene name="scene_out_1" title="小区主入口" onstart="add_new_thumb()" showthumb="true" group="园林漫游" havevrimage="true" thumburl="panos/out1.tiles/thumb.jpg" lat="" lng="" heading="">
        <view hlookat="0.0" vlookat="0.0" fovtype="MFOV" fov="120" maxpixelzoom="2.0" fovmin="70" fovmax="140"
              limitview="auto"/>
        <preview url="panos/out1.tiles/preview.jpg"/>
        <image>
            <cube url="panos/out1.tiles/pano_%s.jpg"/>
        </image>
        <hotspot name="scene_spot_1" style="skin_hotspotstyle" ath="-80" atv="10" linkedscene="scene_out_2" text="墅区景观"/>
        <hotspot name="scene_spot_2" style="skin_hotspotstyle" ath="0" atv="10" linkedscene="scene_out_4" text="洋楼区景观"/>
    </scene>

    <scene name="scene_out_2" title="墅区景观" onstart="" showthumb="true" group="园林漫游" havevrimage="true" thumburl="panos/out2.tiles/thumb.jpg" lat="" lng="" heading="">
        <view hlookat="0.0" vlookat="0.0" fovtype="MFOV" fov="120" maxpixelzoom="2.0" fovmin="70" fovmax="140"
              limitview="auto"/>
        <preview url="panos/out2.tiles/preview.jpg"/>
        <image>
            <cube url="panos/out2.tiles/pano_%s.jpg"/>
        </image>
        <hotspot name="scene_spot_3" style="skin_hotspotstyle" ath="30" atv="15" linkedscene="scene_out_1" text="小区主入口"/>
        <hotspot name="scene_spot_4" style="skin_hotspotstyle" ath="-120" atv="0" linkedscene="scene_out_3" text="平墅区景观"/>
    </scene>

    <scene name="scene_out_3" title="平墅区景观" onstart="" showthumb="true" group="园林漫游" havevrimage="true" thumburl="panos/out3.tiles/thumb.jpg" lat="" lng="" heading="">
        <view hlookat="0.0" vlookat="0.0" fovtype="MFOV" fov="120" maxpixelzoom="2.0" fovmin="70" fovmax="140"
              limitview="auto"/>
        <preview url="panos/out3.tiles/preview.jpg"/>
        <image>
            <cube url="panos/out3.tiles/pano_%s.jpg"/>
        </image>
        <hotspot name="scene_spot_5" style="skin_hotspotstyle" ath="108" atv="8" linkedscene="scene_out_2" text="墅区景观"/>
    </scene>

    <scene name="scene_out_4" title="洋楼区景观" onstart="" showthumb="true" group="园林漫游" havevrimage="true" thumburl="panos/out4.tiles/thumb.jpg" lat="" lng="" heading="">
        <view hlookat="0.0" vlookat="0.0" fovtype="MFOV" fov="120" maxpixelzoom="2.0" fovmin="70" fovmax="140"
              limitview="auto"/>
        <preview url="panos/out4.tiles/preview.jpg"/>
        <image>
            <cube url="panos/out4.tiles/pano_%s.jpg"/>
        </image>
        <hotspot name="scene_spot_6" style="skin_hotspotstyle" ath="-90" atv="10" linkedscene="scene_out_1" text="小区主入口"/>
    </scene>

    <!--户内-->
    <scene name="scene_home_1" title="客厅" onstart="add_new_thumb(); set_map_area(116,90);" changeTitle="true" group="敬澜山·样板间·B3户型"
           showthumb="false" havevrimage="true" thumburl="panos/home_1.tiles/thumb.jpg" lat="" lng="" heading="">
        <view hlookat="90.0" vlookat="0.0" fovtype="MFOV" fov="120" maxpixelzoom="2.0" fovmin="70" fovmax="140"
              limitview="auto"/>
        <preview url="panos/home_1.tiles/preview.jpg"/>
        <image>
            <cube url="panos/home_1.tiles/pano_%s.jpg"/>
        </image>
        <hotspot name="home_sport1" style="skin_hotspotstyle" ath="-70" atv="0" linkedscene="scene_home_2" text="餐厅"/>
    </scene>

    <scene name="scene_home_2" title="餐厅" onstart="update_map_img();set_map_area(80,90);" changeTitle="true" group="敬澜山·样板间·B3户型"
           showthumb="false" havevrimage="true" thumburl="panos/home_2.tiles/thumb.jpg" lat="" lng=""
           heading="">
        <view hlookat="-160.0" vlookat="30.0" fovtype="MFOV" fov="120" maxpixelzoom="2.0" fovmin="70" fovmax="140"
              limitview="auto"/>
        <preview url="panos/home_2.tiles/preview.jpg"/>
        <image>
            <cube url="panos/home_2.tiles/pano_%s.jpg"/>
        </image>
        <hotspot name="home_sport2" style="skin_hotspotstyle" ath="110" atv="10" linkedscene="scene_home_1" text="客厅"/>
        <hotspot name="home_sport3" style="skin_hotspotstyle" ath="-152" atv="-5" linkedscene="scene_home_3" text="书房"/>
        <hotspot name="home_sport4" style="skin_hotspotstyle" ath="-170" atv="-5" linkedscene="scene_home_4" text="楼道"/>
    </scene>

    <scene name="scene_home_3" title="书房" onstart="update_map_img();set_map_area(70,130);" changeTitle="true" group="敬澜山·样板间·B3户型"
           havevrimage="true" thumburl="panos/home_3.tiles/thumb.jpg" lat="" lng=""
           heading="">
        <view hlookat="160.0" vlookat="10.0" fovtype="MFOV" fov="120" maxpixelzoom="2.0" fovmin="70" fovmax="140"
              limitview="auto"/>
        <preview url="panos/home_3.tiles/preview.jpg"/>
        <image>
            <cube url="panos/home_3.tiles/pano_%s.jpg"/>
        </image>
        <hotspot name="home_sport5" style="skin_hotspotstyle" ath="40" atv="10" linkedscene="scene_home_2" text="餐厅"/>
    </scene>

    <scene name="scene_home_4" title="楼道" onstart="update_map_img();set_map_area(90,140);" changeTitle="true" group="敬澜山·样板间·B3户型"
           havevrimage="true" thumburl="panos/home_4.tiles/thumb.jpg" lat="" lng=""
           heading="">
        <view hlookat="0.0" vlookat="0.0" fovtype="MFOV" fov="120" maxpixelzoom="2.0" fovmin="70" fovmax="140"
              limitview="auto"/>
        <preview url="panos/home_4.tiles/preview.jpg"/>
        <image>
            <cube url="panos/home_4.tiles/pano_%s.jpg"/>
        </image>
        <hotspot name="home_sport6" style="skin_hotspotstyle" ath="-22" atv="-10" linkedscene="scene_home_5"
                 text="卧室1"/>
        <hotspot name="home_sport7" style="skin_hotspotstyle" ath="20" atv="-10" linkedscene="scene_home_7" text="卧室3"/>
        <hotspot name="home_sport8" style="skin_hotspotstyle" ath="-5" atv="-10" linkedscene="scene_home_6" text="卧室2"/>
        <hotspot name="home_sport9" style="skin_hotspotstyle" ath="-15" atv="40" linkedscene="scene_home_2" text="餐厅"/>
    </scene>

    <scene name="scene_home_5" title="卧室1" onstart="update_map_img();set_map_area(50,170);" changeTitle="true" group="敬澜山·样板间·B3户型"
           havevrimage="true" thumburl="panos/home_5.tiles/thumb.jpg" lat="" lng=""
           heading="">
        <view hlookat="-120.0" vlookat="0.0" fovtype="MFOV" fov="120" maxpixelzoom="2.0" fovmin="70" fovmax="140"
              limitview="auto"/>
        <preview url="panos/home_5.tiles/preview.jpg"/>
        <image>
            <cube url="panos/home_5.tiles/pano_%s.jpg"/>
        </image>
        <hotspot name="home_sport10" style="skin_hotspotstyle" ath="30" atv="0" linkedscene="scene_home_4" text="楼道"/>
    </scene>

    <scene name="scene_home_6" title="卧室2" onstart="update_map_img();set_map_area(110,90);" changeTitle="true" group="敬澜山·样板间·B3户型"
           havevrimage="true" thumburl="panos/home_7.tiles/thumb.jpg" lat="" lng=""
           heading="">
        <view hlookat="90.0" vlookat="0" fovtype="MFOV" fov="120" maxpixelzoom="2.0" fovmin="70" fovmax="140"
              limitview="auto"/>
        <preview url="panos/home_7.tiles/preview.jpg"/>
        <image>
            <cube url="panos/home_7.tiles/pano_%s.jpg"/>
        </image>
        <hotspot name="home_sport11" style="skin_hotspotstyle" ath="-150" atv="0" linkedscene="scene_home_4" text="楼道"/>
    </scene>

    <scene name="scene_home_7" title="卧室3" onstart="update_map_img();set_map_area(160,90);" changeTitle="true" group="敬澜山·样板间·B3户型"
           havevrimage="true" thumburl="panos/home_6.tiles/thumb.jpg" lat="" lng=""
           heading="">
        <view hlookat="60.0" vlookat="0.0" fovtype="MFOV" fov="120" maxpixelzoom="2.0" fovmin="70" fovmax="140"
              limitview="auto"/>
        <preview url="panos/home_6.tiles/preview.jpg"/>
        <image>
            <cube url="panos/home_6.tiles/pano_%s.jpg"/>
        </image>
        <hotspot name="home_sport12" style="skin_hotspotstyle" ath="-110" atv="0" linkedscene="scene_home_4" text="楼道"/>
    </scene>
</krpano>
